{"cameraMode":{"drawMode":0,"name":"Shaded","section":"Shading Mode"},"sceneLighting":false,"audioPlay":false,"sceneViewState":{"showFog":true,"showMaterialUpdate":false,"showSkybox":true,"showFlares":true,"showImageEffects":true,"showParticleSystems":true},"in2DMode":false,"pivot":{"x":-0.16445809602737428,"y":0.15339498221874238,"z":0.8351842164993286},"rotation":{"x":-0.09792561084032059,"y":0.8507134318351746,"z":-0.17095179855823518,"w":-0.4873117506504059},"size":3.040318727493286,"orthographic":false}