{"cameraMode":{"drawMode":0,"name":"Shaded","section":"Shading Mode"},"sceneLighting":false,"audioPlay":false,"sceneViewState":{"showFog":true,"showMaterialUpdate":false,"showSkybox":true,"showFlares":true,"showImageEffects":true,"showParticleSystems":true},"in2DMode":false,"pivot":{"x":0.2812960147857666,"y":1.233923077583313,"z":0.3206889033317566},"rotation":{"x":-0.19437353312969209,"y":0.5969097018241882,"z":-0.151978000998497,"w":-0.7634268403053284},"size":1.8658299446105958,"orthographic":false}