{"cameraMode":{"drawMode":0,"name":"Shaded","section":"Shading Mode"},"sceneLighting":false,"audioPlay":false,"sceneViewState":{"showFog":true,"showMaterialUpdate":false,"showSkybox":true,"showFlares":true,"showImageEffects":true,"showParticleSystems":true},"in2DMode":false,"pivot":{"x":0.0019083842635154725,"y":-0.07527954131364823,"z":-0.8028410077095032},"rotation":{"x":-0.06683830171823502,"y":0.9245423078536987,"z":-0.19156606495380402,"w":-0.32257816195487978},"size":0.25386565923690798,"orthographic":false}