{"cameraMode":{"drawMode":0,"name":"Shaded","section":"Shading Mode"},"sceneLighting":false,"audioPlay":false,"sceneViewState":{"showFog":true,"showMaterialUpdate":false,"showSkybox":true,"showFlares":true,"showImageEffects":true,"showParticleSystems":true},"in2DMode":false,"pivot":{"x":1.4901161193847657e-8,"y":1.5969665050506592,"z":-0.7660577297210693},"rotation":{"x":-0.06683830171823502,"y":0.9245423078536987,"z":-0.19156606495380402,"w":-0.32257816195487978},"size":0.7765565514564514,"orthographic":false}