{"cameraMode":{"drawMode":0,"name":"Shaded","section":"Shading Mode"},"sceneLighting":false,"audioPlay":false,"sceneViewState":{"showFog":true,"showMaterialUpdate":false,"showSkybox":true,"showFlares":true,"showImageEffects":true,"showParticleSystems":true},"in2DMode":false,"pivot":{"x":-0.09355735778808594,"y":-0.03919583559036255,"z":-0.3424879312515259},"rotation":{"x":-0.07001836597919464,"y":0.8970390558242798,"z":-0.15380741655826569,"w":-0.40836474299430849},"size":1.7011982202529908,"orthographic":false}