{"cameraMode":{"drawMode":0,"name":"Shaded","section":"Shading Mode"},"sceneLighting":true,"audioPlay":false,"sceneViewState":{"showFog":true,"showMaterialUpdate":false,"showSkybox":true,"showFlares":true,"showImageEffects":true,"showParticleSystems":true},"in2DMode":false,"pivot":{"x":1.7211319208145142,"y":-11.464447021484375,"z":-9.518009185791016},"rotation":{"x":0.00466320663690567,"y":0.9801257252693176,"z":-0.19696107506752015,"w":0.02319910377264023},"size":23.78054428100586,"orthographic":false}