{"cameraMode":{"drawMode":0,"name":"Shaded","section":"Shading Mode"},"sceneLighting":false,"audioPlay":false,"sceneViewState":{"showFog":true,"showMaterialUpdate":false,"showSkybox":true,"showFlares":true,"showImageEffects":true,"showParticleSystems":true},"in2DMode":false,"pivot":{"x":0.0021956637501716615,"y":0.0034790635108947756,"z":-0.017877817153930665},"rotation":{"x":-0.07001836597919464,"y":0.8970390558242798,"z":-0.15380741655826569,"w":-0.40836474299430849},"size":1.5417441129684449,"orthographic":false}