{"cameraMode":{"drawMode":0,"name":"Shaded","section":"Shading Mode"},"sceneLighting":false,"audioPlay":false,"sceneViewState":{"showFog":true,"showMaterialUpdate":false,"showSkybox":true,"showFlares":true,"showImageEffects":true,"showParticleSystems":true},"in2DMode":false,"pivot":{"x":-0.13929426670074464,"y":0.05264487862586975,"z":0.32930946350097659},"rotation":{"x":-0.06683830171823502,"y":0.9245423078536987,"z":-0.19156606495380402,"w":-0.32257816195487978},"size":1.8039506673812867,"orthographic":false}