{"cameraMode":{"drawMode":0,"name":"Shaded","section":"Shading Mode"},"sceneLighting":true,"audioPlay":false,"sceneViewState":{"showFog":true,"showMaterialUpdate":false,"showSkybox":true,"showFlares":true,"showImageEffects":true,"showParticleSystems":true},"in2DMode":false,"pivot":{"x":-14.924163818359375,"y":-11.133747100830079,"z":0.17456166446208955},"rotation":{"x":-0.014873811975121498,"y":0.984399676322937,"z":-0.14154627919197083,"w":-0.10344462096691132},"size":5.926123142242432,"orthographic":false}