{"cameraMode":{"drawMode":0,"name":"Shaded","section":"Shading Mode"},"sceneLighting":false,"audioPlay":false,"sceneViewState":{"showFog":true,"showMaterialUpdate":false,"showSkybox":true,"showFlares":true,"showImageEffects":true,"showParticleSystems":true},"in2DMode":false,"pivot":{"x":1.7881393432617188e-7,"y":0.6597415804862976,"z":0.31555891036987307},"rotation":{"x":-0.06683830171823502,"y":0.9245423078536987,"z":-0.19156606495380402,"w":-0.32257816195487978},"size":2.013491153717041,"orthographic":false}