{"cameraMode":{"drawMode":0,"name":"Shaded","section":"Shading Mode"},"sceneLighting":false,"audioPlay":false,"sceneViewState":{"showFog":true,"showMaterialUpdate":false,"showSkybox":true,"showFlares":true,"showImageEffects":true,"showParticleSystems":true},"in2DMode":false,"pivot":{"x":0.0008056163787841797,"y":0.859521746635437,"z":0.027209699153900148},"rotation":{"x":-0.06683830171823502,"y":0.9245423078536987,"z":-0.19156606495380402,"w":-0.32257816195487978},"size":3.829129457473755,"orthographic":false}